{"pid":0,"tokenAmount":761071.2418311482,"token2Amount":1079.6259737207647,"totalToken2Value":2159.2519474415294,"tokenPriceInToken2":0.0014185609892750242,"usdValue":1275642.8655095068,"newRewardPerBlock":"1.818181818181818181","poolWeight":0.09090909090909091}
